entity,coupled,degree,average-revs
xwork-core/src/test/java/com/opensymphony/xwork2/validator/AnnotationValidationAction.java,xwork-core/src/test/java/com/opensymphony/xwork2/validator/AnnotationValidationExpAction.java,100,16
core/src/main/resources/template/ajax/autocompleter.ftl,core/src/test/resources/org/apache/struts2/views/jsp/ui/Autocompleter-1.txt,100,10
apps/mailreader/src/main/webapp/Registration.jsp,apps/mailreader/src/main/webapp/Subscription.jsp,100,9
core/src/main/resources/template/simple/actionerror.ftl,core/src/main/resources/template/simple/actionmessage.ftl,100,8
core/src/main/java/org/apache/struts2/util/URLDecoderUtil.java,core/src/test/java/org/apache/struts2/util/URLDecoderUtilTest.java,100,8
core/src/test/resources/org/apache/struts2/views/jsp/ui/tooltip-1.txt,core/src/test/resources/org/apache/struts2/views/jsp/ui/tooltip-3.txt,100,6
core/src/test/resources/org/apache/struts2/views/jsp/ui/tooltip-1.txt,core/src/test/resources/org/apache/struts2/views/jsp/ui/tooltip-2.txt,100,6
core/src/test/resources/org/apache/struts2/views/jsp/ui/tooltip-2.txt,core/src/test/resources/org/apache/struts2/views/jsp/ui/tooltip-3.txt,100,6
xwork-core/src/main/java/com/opensymphony/xwork2/util/logging/Logger.java,xwork-core/src/main/java/com/opensymphony/xwork2/util/logging/commons/CommonsLogger.java,100,5
plugins/dojo/src/main/resources/template/ajax/ajax-common.ftl,plugins/dojo/src/test/java/org/apache/struts2/dojo/views/jsp/ui/AnchorTest.java,100,5
core/src/main/java/org/apache/struts2/util/ComponentUtils.java,core/src/test/java/org/apache/struts2/util/ComponentUtilsTest.java,100,5
plugins/dojo/src/test/java/org/apache/struts2/dojo/views/jsp/ui/BindTest.java,plugins/dojo/src/test/resources/org/apache/struts2/dojo/views/jsp/ui/Bind-1.txt,100,5
xwork-core/src/main/java/com/opensymphony/xwork2/util/logging/commons/CommonsLogger.java,xwork-core/src/main/java/com/opensymphony/xwork2/util/logging/jdk/JdkLogger.java,100,5
plugins/dojo/src/main/resources/template/ajax/ajax-common.ftl,plugins/dojo/src/test/resources/org/apache/struts2/dojo/views/jsp/ui/href-1.txt,100,5
apps/rest-showcase/src/main/webapp/WEB-INF/content/orders-index.jsp,apps/rest-showcase/src/main/webapp/WEB-INF/content/orders-show.jsp,100,5
apps/mailreader/src/main/webapp/pages/registration.jsp,apps/mailreader/src/main/webapp/pages/subscription.jsp,100,5
plugins/dojo/src/test/java/org/apache/struts2/dojo/views/jsp/ui/AnchorTest.java,plugins/dojo/src/test/resources/org/apache/struts2/dojo/views/jsp/ui/href-1.txt,100,5
core/src/main/java/org/apache/struts2/util/tomcat/buf/StringCache.java,core/src/main/java/org/apache/struts2/util/tomcat/buf/UDecoder.java,100,5
xwork-core/src/main/java/com/opensymphony/xwork2/util/logging/Logger.java,xwork-core/src/main/java/com/opensymphony/xwork2/util/logging/jdk/JdkLogger.java,100,5
plugins/jsf/pom.xml,plugins/pell-multipart/pom.xml,99,65
plugins/config-browser/pom.xml,plugins/pell-multipart/pom.xml,98,65
plugins/config-browser/pom.xml,plugins/jsf/pom.xml,97,66
plugins/jsf/pom.xml,plugins/plexus/pom.xml,96,67
plugins/pell-multipart/pom.xml,plugins/plexus/pom.xml,96,66
plugins/dojo/src/main/resources/org/apache/struts2/static/dojo/struts_dojo.js,plugins/dojo/src/main/resources/org/apache/struts2/static/dojo/struts_dojo.js.uncompressed.js,96,32
xwork-core/src/test/java/com/opensymphony/xwork2/validator/AnnotationValidationAction.java,xwork-core/src/test/java/com/opensymphony/xwork2/validator/AnnotationValidationConfigurationBuilderTest.java,96,17
xwork-core/src/test/java/com/opensymphony/xwork2/validator/AnnotationValidationConfigurationBuilderTest.java,xwork-core/src/test/java/com/opensymphony/xwork2/validator/AnnotationValidationExpAction.java,96,17
plugins/config-browser/pom.xml,plugins/plexus/pom.xml,95,67
core/src/main/java/org/apache/struts2/dispatcher/ng/filter/StrutsPrepareAndExecuteFilter.java,core/src/main/java/org/apache/struts2/dispatcher/ng/filter/StrutsPrepareFilter.java,95,11
core/src/site/resources/tags/doubleselect.html,core/src/site/resources/tags/optiontransferselect.html,94,18
core/src/site/resources/tags/ajax/datetimepicker.html,core/src/site/resources/tags/ajax/tree.html,94,10
core/src/site/resources/tags/ajax/datetimepicker.html,core/src/site/resources/tags/ajax/treenode.html,94,9
plugins/jasperreports/pom.xml,plugins/pell-multipart/pom.xml,93,69
plugins/pell-multipart/pom.xml,plugins/sitemesh/pom.xml,93,69
core/src/site/resources/tags/select.html,core/src/site/resources/tags/updownselect.html,93,8
plugins/dojo/src/test/java/org/apache/struts2/dojo/views/jsp/ui/SubmitAjaxTest.java,plugins/dojo/src/test/resources/org/apache/struts2/dojo/views/jsp/ui/submit-ajax-1.txt,93,8
plugins/sitegraph/pom.xml,plugins/struts1/pom.xml,92,74
plugins/codebehind/pom.xml,plugins/sitegraph/pom.xml,92,73
plugins/config-browser/pom.xml,plugins/jasperreports/pom.xml,92,70
plugins/config-browser/pom.xml,plugins/sitemesh/pom.xml,92,70
plugins/jfreechart/pom.xml,plugins/pell-multipart/pom.xml,92,70
plugins/jasperreports/pom.xml,plugins/jsf/pom.xml,92,69
plugins/jsf/pom.xml,plugins/sitemesh/pom.xml,92,69
plugins/pell-multipart/pom.xml,plugins/struts1/pom.xml,92,68
plugins/codebehind/pom.xml,plugins/struts1/pom.xml,91,71
plugins/jfreechart/pom.xml,plugins/jsf/pom.xml,91,70
plugins/jsf/pom.xml,plugins/struts1/pom.xml,91,69
plugins/config-browser/pom.xml,plugins/struts1/pom.xml,91,69
xwork-core/src/main/java/com/opensymphony/xwork2/validator/AnnotationValidationConfigurationBuilder.java,xwork-core/src/test/java/com/opensymphony/xwork2/validator/AnnotationValidationAction.java,91,18
xwork-core/src/main/java/com/opensymphony/xwork2/validator/AnnotationValidationConfigurationBuilder.java,xwork-core/src/test/java/com/opensymphony/xwork2/validator/AnnotationValidationExpAction.java,91,18
plugins/plexus/pom.xml,plugins/sitemesh/pom.xml,90,71
plugins/jasperreports/pom.xml,plugins/plexus/pom.xml,90,71
plugins/config-browser/pom.xml,plugins/jfreechart/pom.xml,90,71
plugins/pell-multipart/pom.xml,plugins/sitegraph/pom.xml,90,70
plugins/plexus/pom.xml,plugins/struts1/pom.xml,90,70
plugins/jsf/pom.xml,plugins/sitegraph/pom.xml,90,70
plugins/dojo/src/test/java/org/apache/struts2/dojo/views/jsp/ui/DivTest.java,plugins/dojo/src/test/resources/org/apache/struts2/dojo/views/jsp/ui/div-1.txt,90,6
plugins/dojo/src/main/resources/org/apache/struts2/static/dojo/struts/widget/StrutsDatePicker.js,plugins/dojo/src/main/resources/org/apache/struts2/static/dojo/struts/widget/StrutsTimePicker.js,90,6
plugins/dojo/src/test/resources/org/apache/struts2/dojo/views/jsp/ui/div-1.txt,plugins/dojo/src/test/resources/org/apache/struts2/dojo/views/jsp/ui/href-1.txt,90,6
plugins/dojo/src/main/java/org/apache/struts2/dojo/views/jsp/ui/SubmitTag.java,plugins/dojo/src/test/java/org/apache/struts2/dojo/views/jsp/ui/AnchorTest.java,90,6
plugins/dojo/src/main/java/org/apache/struts2/dojo/views/jsp/ui/AutocompleterTag.java,plugins/dojo/src/test/java/org/apache/struts2/dojo/views/jsp/ui/AutocompleterTest.java,90,6
xwork-core/src/main/java/com/opensymphony/xwork2/util/logging/Logger.java,xwork-core/src/main/java/com/opensymphony/xwork2/util/logging/slf4j/Slf4jLogger.java,90,6
plugins/dojo/src/main/java/org/apache/struts2/dojo/views/jsp/ui/SubmitTag.java,plugins/dojo/src/test/resources/org/apache/struts2/dojo/views/jsp/ui/href-1.txt,90,6
xwork-core/src/main/java/com/opensymphony/xwork2/util/logging/commons/CommonsLogger.java,xwork-core/src/main/java/com/opensymphony/xwork2/util/logging/slf4j/Slf4jLogger.java,90,6
plugins/config-browser/src/main/resources/config-browser/actionNames.ftl,plugins/config-browser/src/main/resources/config-browser/showConfig.ftl,90,6
plugins/dojo/src/main/java/org/apache/struts2/dojo/views/jsp/ui/SubmitTag.java,plugins/dojo/src/main/resources/template/ajax/ajax-common.ftl,90,6
apps/mailreader/src/main/webapp/pages/Registration.jsp,apps/mailreader/src/main/webapp/pages/Subscription.jsp,90,6
xwork-core/src/main/java/com/opensymphony/xwork2/util/logging/jdk/JdkLogger.java,xwork-core/src/main/java/com/opensymphony/xwork2/util/logging/slf4j/Slf4jLogger.java,90,6
core/src/test/resources/org/apache/struts2/views/jsp/ui/DoubleSelect-2.txt,core/src/test/resources/org/apache/struts2/views/jsp/ui/DoubleSelect-3.txt,90,6
plugins/dojo/src/test/java/org/apache/struts2/dojo/views/jsp/ui/AnchorTest.java,plugins/dojo/src/test/resources/org/apache/struts2/dojo/views/jsp/ui/div-1.txt,90,6
plugins/dojo/src/main/resources/template/ajax/ajax-common.ftl,plugins/dojo/src/test/resources/org/apache/struts2/dojo/views/jsp/ui/div-1.txt,90,6
plugins/sitemesh/pom.xml,plugins/struts1/pom.xml,89,73
plugins/codebehind/pom.xml,plugins/spring/pom.xml,89,73
plugins/jfreechart/pom.xml,plugins/plexus/pom.xml,89,72
plugins/config-browser/pom.xml,plugins/sitegraph/pom.xml,89,71
plugins/codebehind/pom.xml,plugins/pell-multipart/pom.xml,89,67
core/src/site/resources/tags/ajax/a.html,core/src/site/resources/tags/ajax/submit.html,89,15
plugins/jfreechart/pom.xml,plugins/sitegraph/pom.xml,88,75
plugins/plexus/pom.xml,plugins/sitegraph/pom.xml,88,72
plugins/codebehind/pom.xml,plugins/jsf/pom.xml,88,68
plugins/codebehind/pom.xml,plugins/config-browser/pom.xml,88,68
plugins/dwr/pom.xml,plugins/testng/pom.xml,88,22
xwork-core/src/main/java/com/opensymphony/xwork2/validator/AnnotationValidationConfigurationBuilder.java,xwork-core/src/test/java/com/opensymphony/xwork2/validator/AnnotationValidationConfigurationBuilderTest.java,88,18
core/src/site/resources/tags/ajax/tree.html,core/src/site/resources/tags/ajax/treenode.html,88,9
core/src/test/resources/org/apache/struts2/views/jsp/ui/Autocompleter-1.txt,core/src/test/resources/org/apache/struts2/views/jsp/ui/Autocompleter-2.txt,88,9
core/src/main/resources/template/ajax/autocompleter.ftl,core/src/test/resources/org/apache/struts2/views/jsp/ui/Autocompleter-2.txt,88,9
plugins/jfreechart/pom.xml,plugins/struts1/pom.xml,87,74
plugins/sitegraph/pom.xml,plugins/sitemesh/pom.xml,87,74
plugins/jasperreports/pom.xml,plugins/sitemesh/pom.xml,87,73
core/src/site/resources/tags/ajax/a.html,core/src/site/resources/tags/ajax/div.html,87,16
core/src/main/resources/template/simple/autocompleter.ftl,core/src/test/resources/org/apache/struts2/views/jsp/ui/Autocompleter-2.txt,87,8
core/src/test/java/org/apache/struts2/views/jsp/ui/SubmitTest.java,core/src/test/resources/org/apache/struts2/views/jsp/ui/Submit-1.txt,87,8
plugins/jasperreports/pom.xml,plugins/jfreechart/pom.xml,86,74
plugins/jfreechart/pom.xml,plugins/sitemesh/pom.xml,86,74
plugins/codebehind/pom.xml,plugins/jfreechart/pom.xml,86,73
plugins/jasperreports/pom.xml,plugins/struts1/pom.xml,86,73
plugins/codebehind/pom.xml,plugins/sitemesh/pom.xml,86,72
plugins/pell-multipart/pom.xml,plugins/spring/pom.xml,86,70
plugins/codebehind/pom.xml,plugins/plexus/pom.xml,86,69
core/src/test/resources/org/apache/struts2/views/jsp/ui/Formtag-11.txt,core/src/test/resources/org/apache/struts2/views/jsp/ui/Formtag-2.txt,86,12
core/src/test/java/org/apache/struts2/views/jsp/ui/AutocompleterTest.java,core/src/test/resources/org/apache/struts2/views/jsp/ui/Autocompleter-1.txt,86,12
core/src/main/resources/template/ajax/autocompleter.ftl,core/src/test/java/org/apache/struts2/views/jsp/ui/AutocompleterTest.java,86,12
plugins/sitegraph/pom.xml,plugins/spring/pom.xml,85,75
plugins/jasperreports/pom.xml,plugins/sitegraph/pom.xml,85,74
plugins/codebehind/pom.xml,plugins/jasperreports/pom.xml,85,72
plugins/config-browser/pom.xml,plugins/spring/pom.xml,85,71
plugins/jsf/pom.xml,plugins/spring/pom.xml,85,70
core/src/main/java/org/apache/struts2/views/jsp/ui/AutocompleterTag.java,core/src/main/resources/template/ajax/autocompleter.ftl,85,11
core/src/main/java/org/apache/struts2/views/jsp/ui/AutocompleterTag.java,core/src/test/resources/org/apache/struts2/views/jsp/ui/Autocompleter-1.txt,85,11
core/src/site/resources/tags/inputtransferselect.html,core/src/site/resources/tags/select.html,85,7
plugins/spring/pom.xml,plugins/struts1/pom.xml,84,74
archetypes/struts2-archetype-convention/src/main/resources/archetype-resources/pom.xml,archetypes/struts2-archetype-starter/src/main/resources/archetype-resources/pom.xml,84,13
plugins/sitemesh/pom.xml,plugins/spring/pom.xml,83,74
plugins/plexus/pom.xml,plugins/spring/pom.xml,83,72
core/src/main/java/org/apache/struts2/views/jsp/ui/AutocompleterTag.java,core/src/test/java/org/apache/struts2/views/jsp/ui/AutocompleterTest.java,83,12
plugins/dojo/src/test/java/org/apache/struts2/dojo/views/jsp/ui/SubmitAjaxTest.java,plugins/dojo/src/test/resources/org/apache/struts2/dojo/views/jsp/ui/href-1.txt,83,6
core/src/test/resources/org/apache/struts2/views/jsp/ui/Submit-1.txt,core/src/test/resources/org/apache/struts2/views/jsp/ui/Submit-5.txt,83,6
core/src/test/java/org/apache/struts2/views/jsp/ui/DivTest.java,core/src/test/resources/org/apache/struts2/views/jsp/ui/div-1.txt,83,6
plugins/dojo/src/main/java/org/apache/struts2/dojo/views/jsp/ui/AutocompleterTag.java,plugins/dojo/src/test/resources/org/apache/struts2/dojo/views/jsp/ui/Autocompleter-1.txt,83,6
apps/showcase/src/main/webapp/tiles/body.jsp,apps/showcase/src/main/webapp/tiles/layout.jsp,83,6
plugins/dojo/src/main/resources/template/ajax/ajax-common.ftl,plugins/dojo/src/test/java/org/apache/struts2/dojo/views/jsp/ui/SubmitAjaxTest.java,83,6
plugins/dojo/src/main/java/org/apache/struts2/dojo/views/jsp/ui/SubmitTag.java,plugins/dojo/src/test/resources/org/apache/struts2/dojo/views/jsp/ui/div-1.txt,83,6
core/src/test/resources/org/apache/struts2/views/jsp/ui/Submit-1.txt,core/src/test/resources/org/apache/struts2/views/jsp/ui/Submit-3.txt,83,6
plugins/dojo/src/test/java/org/apache/struts2/dojo/views/jsp/ui/AnchorTest.java,plugins/dojo/src/test/java/org/apache/struts2/dojo/views/jsp/ui/SubmitAjaxTest.java,83,6
plugins/dojo/src/main/resources/template/ajax/bind.ftl,plugins/dojo/src/test/resources/org/apache/struts2/dojo/views/jsp/ui/Bind-1.txt,83,6
core/src/test/resources/org/apache/struts2/views/jsp/ui/DoubleSelect-1.txt,core/src/test/resources/org/apache/struts2/views/jsp/ui/DoubleSelect-2.txt,83,6
plugins/dojo/src/main/resources/template/ajax/bind.ftl,plugins/dojo/src/test/java/org/apache/struts2/dojo/views/jsp/ui/BindTest.java,83,6
plugins/pell-multipart/pom.xml,plugins/tiles/pom.xml,82,78
plugins/jfreechart/pom.xml,plugins/spring/pom.xml,82,75
plugins/jasperreports/pom.xml,plugins/spring/pom.xml,82,74
core/src/site/resources/tags/ajax/div.html,core/src/site/resources/tags/ajax/submit.html,82,15
archetypes/struts2-archetype-blank/src/main/resources/archetype-resources/pom.xml,archetypes/struts2-archetype-convention/src/main/resources/archetype-resources/pom.xml,82,15
plugins/dojo/src/main/resources/template/ajax/autocompleter.ftl,plugins/dojo/src/test/resources/org/apache/struts2/dojo/views/jsp/ui/Autocompleter-1.txt,82,9
core/src/site/resources/tags/radio.html,core/src/site/resources/tags/select.html,82,9
plugins/jsf/pom.xml,plugins/tiles/pom.xml,81,79
plugins/config-browser/pom.xml,plugins/tiles/pom.xml,81,79
archetypes/struts2-archetype-blank/src/main/resources/archetype-resources/pom.xml,archetypes/struts2-archetype-starter/src/main/resources/archetype-resources/pom.xml,81,14
core/src/site/resources/tags/checkboxlist.html,core/src/site/resources/tags/radio.html,81,11
apps/blank/pom.xml,plugins/struts1/pom.xml,80,83
plugins/plexus/pom.xml,plugins/tiles/pom.xml,80,80
apps/mailreader/pom.xml,plugins/jsf/pom.xml,80,79
apps/blank/pom.xml,plugins/pell-multipart/pom.xml,80,79
apps/mailreader/pom.xml,plugins/pell-multipart/pom.xml,80,78
core/src/site/resources/tags/inputtransferselect.html,core/src/site/resources/tags/updownselect.html,80,8
apps/blank/pom.xml,plugins/sitegraph/pom.xml,79,84
apps/blank/pom.xml,plugins/config-browser/pom.xml,79,80
apps/mailreader/pom.xml,plugins/config-browser/pom.xml,79,79
apps/blank/pom.xml,plugins/jsf/pom.xml,79,79
plugins/rest/pom.xml,plugins/testng/pom.xml,79,27
apps/blank/pom.xml,plugins/jfreechart/pom.xml,78,84
apps/blank/pom.xml,plugins/sitemesh/pom.xml,78,83
apps/blank/pom.xml,plugins/codebehind/pom.xml,78,82
apps/blank/pom.xml,plugins/plexus/pom.xml,78,81
plugins/pell-multipart/pom.xml,plugins/pom.xml,78,81
apps/mailreader/pom.xml,plugins/plexus/pom.xml,78,80
core/src/site/resources/tags/ajax/submit.html,core/src/site/resources/tags/ajax/tree.html,78,12
apps/blank/pom.xml,apps/mailreader/pom.xml,77,93
plugins/sitemesh/pom.xml,plugins/tiles/pom.xml,77,83
apps/mailreader/pom.xml,plugins/jasperreports/pom.xml,77,83
plugins/jasperreports/pom.xml,plugins/tiles/pom.xml,77,83
plugins/config-browser/pom.xml,plugins/pom.xml,77,82
plugins/jsf/pom.xml,plugins/pom.xml,77,81
plugins/junit/pom.xml,plugins/testng/pom.xml,77,29
core/src/site/resources/tags/radio.html,core/src/site/resources/tags/updownselect.html,77,9
core/src/main/resources/template/ajax/autocompleter.ftl,core/src/main/resources/template/simple/autocompleter.ftl,77,9
core/src/main/resources/template/simple/autocompleter.ftl,core/src/test/resources/org/apache/struts2/views/jsp/ui/Autocompleter-1.txt,77,9
apps/portlet/pom.xml,plugins/sitemesh/pom.xml,76,89
plugins/jfreechart/pom.xml,plugins/tiles/pom.xml,76,84
plugins/plexus/pom.xml,plugins/pom.xml,76,83
apps/mailreader/pom.xml,plugins/sitemesh/pom.xml,76,83
plugins/struts1/pom.xml,plugins/tiles/pom.xml,76,82
apps/mailreader/pom.xml,plugins/struts1/pom.xml,76,82
plugins/dwr/pom.xml,plugins/rest/pom.xml,76,25
core/src/site/resources/tags/ajax/a.html,core/src/site/resources/tags/ajax/tree.html,76,13
core/src/site/resources/tags/ajax/div.html,core/src/site/resources/tags/ajax/tree.html,76,13
core/src/test/java/org/apache/struts2/views/jsp/ui/AutocompleterTest.java,core/src/test/resources/org/apache/struts2/views/jsp/ui/Autocompleter-2.txt,76,11
core/src/site/resources/tags/ajax/submit.html,core/src/site/resources/tags/ajax/treenode.html,76,11
plugins/dojo/src/test/java/org/apache/struts2/dojo/views/jsp/ui/AnchorTest.java,plugins/dojo/src/test/resources/org/apache/struts2/dojo/views/jsp/ui/submit-ajax-1.txt,76,7
plugins/dojo/src/main/java/org/apache/struts2/dojo/views/jsp/ui/SubmitTag.java,plugins/dojo/src/test/java/org/apache/struts2/dojo/views/jsp/ui/SubmitAjaxTest.java,76,7
plugins/dojo/src/test/resources/org/apache/struts2/dojo/views/jsp/ui/submit-ajax-1.txt,plugins/dojo/src/test/resources/org/apache/struts2/dojo/views/jsp/ui/submit-ajax-2.txt,76,7
plugins/sitemesh/src/main/java/org/apache/struts2/sitemesh/FreeMarkerPageFilter.java,plugins/sitemesh/src/main/java/org/apache/struts2/sitemesh/VelocityPageFilter.java,76,7
plugins/dojo/src/test/java/org/apache/struts2/dojo/views/jsp/ui/SubmitAjaxTest.java,plugins/dojo/src/test/resources/org/apache/struts2/dojo/views/jsp/ui/div-1.txt,76,7
plugins/dojo/src/test/resources/org/apache/struts2/dojo/views/jsp/ui/href-1.txt,plugins/dojo/src/test/resources/org/apache/struts2/dojo/views/jsp/ui/submit-ajax-1.txt,76,7
plugins/dojo/src/main/resources/template/ajax/ajax-common.ftl,plugins/dojo/src/test/resources/org/apache/struts2/dojo/views/jsp/ui/submit-ajax-1.txt,76,7
plugins/dojo/src/test/java/org/apache/struts2/dojo/views/jsp/ui/BindTest.java,plugins/dojo/src/test/resources/org/apache/struts2/dojo/views/jsp/ui/submit-ajax-1.txt,76,7
core/src/test/resources/org/apache/struts2/views/jsp/ui/DoubleSelect-1.txt,core/src/test/resources/org/apache/struts2/views/jsp/ui/DoubleSelect-3.txt,76,7
plugins/dojo/src/test/java/org/apache/struts2/dojo/views/jsp/ui/AutocompleterTest.java,plugins/dojo/src/test/resources/org/apache/struts2/dojo/views/jsp/ui/Autocompleter-1.txt,76,7
plugins/dojo/src/test/resources/org/apache/struts2/dojo/views/jsp/ui/Bind-1.txt,plugins/dojo/src/test/resources/org/apache/struts2/dojo/views/jsp/ui/submit-ajax-1.txt,76,7
plugins/sitegraph/pom.xml,plugins/tiles/pom.xml,75,84
apps/mailreader/pom.xml,plugins/jfreechart/pom.xml,75,84
plugins/codebehind/pom.xml,plugins/pom.xml,75,84
apps/mailreader/pom.xml,plugins/sitegraph/pom.xml,75,84
apps/portlet/pom.xml,plugins/pell-multipart/pom.xml,75,84
apps/blank/pom.xml,plugins/jasperreports/pom.xml,75,83
apps/mailreader/pom.xml,plugins/codebehind/pom.xml,75,81
apps/mailreader/src/main/webapp/Login.jsp,apps/mailreader/src/main/webapp/Subscription.jsp,75,8
plugins/portlet-tiles/pom.xml,plugins/portlet-tiles/src/main/java/org/apache/struts2/views/tiles/PortletTilesResult.java,75,8
plugins/dojo/src/main/resources/template/ajax/autocompleter.ftl,plugins/dojo/src/test/java/org/apache/struts2/dojo/views/jsp/ui/AutocompleterTest.java,75,8
apps/mailreader/src/main/webapp/Login.jsp,apps/mailreader/src/main/webapp/Registration.jsp,75,8
archetypes/struts2-archetype-dbportlet/src/main/resources/archetype-resources/pom.xml,archetypes/struts2-archetype-portlet/src/main/resources/archetype-resources/pom.xml,75,8
apps/showcase/src/main/java/org/apache/struts2/showcase/validation/AjaxFormSubmitAction.java,plugins/json/src/main/java/org/apache/struts2/json/JSONActionRedirectResult.java,75,8
core/src/main/java/org/apache/struts2/dispatcher/multipart/MultiPartRequest.java,core/src/main/java/org/apache/struts2/dispatcher/multipart/MultiPartRequestWrapper.java,75,8
plugins/jfreechart/pom.xml,plugins/pom.xml,74,86
plugins/pom.xml,plugins/sitegraph/pom.xml,74,86
plugins/pom.xml,plugins/struts1/pom.xml,74,85
apps/portlet/pom.xml,plugins/jsf/pom.xml,74,85
plugins/jasperreports/pom.xml,plugins/pom.xml,74,85
plugins/pom.xml,plugins/sitemesh/pom.xml,74,85
apps/portlet/pom.xml,plugins/config-browser/pom.xml,74,85
plugins/codebehind/pom.xml,plugins/tiles/pom.xml,74,81
core/src/main/java/org/apache/struts2/views/util/DefaultUrlHelper.java,core/src/test/java/org/apache/struts2/views/util/DefaultUrlHelperTest.java,74,18
plugins/convention/src/main/java/org/apache/struts2/convention/DefaultResultMapBuilder.java,plugins/convention/src/test/java/org/apache/struts2/convention/DefaultResultMapBuilderTest.java,74,14
apps/blank/pom.xml,apps/pom.xml,73,100
apps/blank/pom.xml,apps/portlet/pom.xml,73,99
apps/portlet/pom.xml,plugins/plexus/pom.xml,73,86
apps/blank/pom.xml,plugins/spring/pom.xml,73,84
apps/mailreader/pom.xml,plugins/spring/pom.xml,73,84
core/src/main/java/org/apache/struts2/views/jsp/ui/AutocompleterTag.java,core/src/test/resources/org/apache/struts2/views/jsp/ui/Autocompleter-2.txt,73,10
plugins/dojo/src/main/resources/template/ajax/head.ftl,plugins/dojo/src/test/resources/org/apache/struts2/dojo/views/jsp/ui/HeadTagTest-1.txt,73,10
core/src/site/resources/tags/checkboxlist.html,core/src/site/resources/tags/select.html,73,10
apps/portlet/pom.xml,plugins/sitegraph/pom.xml,72,90
apps/portlet/pom.xml,plugins/jfreechart/pom.xml,72,90
apps/portlet/pom.xml,plugins/jasperreports/pom.xml,72,89
apps/portlet/pom.xml,plugins/struts1/pom.xml,72,88
apps/pom.xml,plugins/plexus/pom.xml,72,88
apps/pom.xml,plugins/jsf/pom.xml,72,86
apps/pom.xml,plugins/pell-multipart/pom.xml,72,86
core/src/site/resources/tags/ajax/datetimepicker.html,core/src/site/resources/tags/ajax/div.html,72,13
core/src/site/resources/tags/ajax/a.html,core/src/site/resources/tags/ajax/datetimepicker.html,72,13
core/src/site/resources/tags/ajax/autocompleter.html,core/src/site/resources/tags/ajax/datetimepicker.html,72,13
core/src/site/resources/tags/ajax/datetimepicker.html,core/src/site/resources/tags/ajax/submit.html,72,11
apps/mailreader/pom.xml,apps/portlet/pom.xml,71,98
apps/pom.xml,plugins/struts1/pom.xml,71,90
apps/portlet/pom.xml,plugins/codebehind/pom.xml,71,87
apps/pom.xml,plugins/config-browser/pom.xml,71,87
plugins/spring/pom.xml,plugins/tiles/pom.xml,71,84
core/src/main/java/org/apache/struts2/components/Autocompleter.java,core/src/main/java/org/apache/struts2/views/jsp/ui/AutocompleterTag.java,71,14
backport/translate.bat,backport/translate.sh,71,14
core/src/site/resources/tags/a.html,core/src/site/resources/tags/div.html,71,7
plugins/dojo/src/test/resources/org/apache/struts2/dojo/views/jsp/ui/div-1.txt,plugins/dojo/src/test/resources/org/apache/struts2/dojo/views/jsp/ui/submit-ajax-1.txt,71,7
core/src/test/java/org/apache/struts2/views/jsp/ui/SubmitTest.java,core/src/test/resources/org/apache/struts2/views/jsp/ui/Submit-3.txt,71,7
core/src/site/resources/tags/reset.html,core/src/site/resources/tags/submit.html,71,7
apps/mailreader/src/main/webapp/Subscription.jsp,apps/mailreader/src/main/webapp/Welcome.jsp,71,7
core/src/site/resources/tags/a.html,core/src/site/resources/tags/submit.html,71,7
plugins/dojo/src/main/java/org/apache/struts2/dojo/views/jsp/ui/SubmitTag.java,plugins/dojo/src/test/resources/org/apache/struts2/dojo/views/jsp/ui/submit-ajax-1.txt,71,7
apps/mailreader/src/main/webapp/Registration.jsp,apps/mailreader/src/main/webapp/Welcome.jsp,71,7
core/src/test/java/org/apache/struts2/views/jsp/ui/SubmitTest.java,core/src/test/resources/org/apache/struts2/views/jsp/ui/Submit-5.txt,71,7
apps/pom.xml,plugins/sitegraph/pom.xml,70,91
apps/portlet/pom.xml,plugins/spring/pom.xml,70,90
apps/pom.xml,plugins/sitemesh/pom.xml,70,90
apps/pom.xml,plugins/codebehind/pom.xml,70,89
plugins/pom.xml,plugins/spring/pom.xml,70,86
plugins/dwr/pom.xml,plugins/junit/pom.xml,70,27
plugins/convention/pom.xml,plugins/javatemplates/pom.xml,70,27
plugins/rest/src/main/java/org/apache/struts2/rest/RestActionMapper.java,plugins/rest/src/test/java/org/apache/struts2/rest/RestActionMapperTest.java,70,19
core/src/site/resources/tags/ajax/bind.html,core/src/site/resources/tags/ajax/submit.html,70,10
core/src/site/resources/tags/checkboxlist.html,core/src/site/resources/tags/updownselect.html,70,10
core/src/site/resources/tags/inputtransferselect.html,core/src/site/resources/tags/radio.html,70,9
core/src/test/resources/org/apache/struts2/views/jsp/ui/Formtag-11.txt,core/src/test/resources/org/apache/struts2/views/jsp/ui/Formtag-6.txt,70,9
apps/portlet/pom.xml,apps/showcase/pom.xml,69,117
apps/blank/pom.xml,apps/showcase/pom.xml,69,112
apps/showcase/pom.xml,plugins/sitemesh/pom.xml,69,102
apps/mailreader/pom.xml,apps/pom.xml,69,100
core/src/site/resources/tags/ajax/autocompleter.html,core/src/site/resources/tags/ajax/tree.html,69,13
core/src/main/resources/template/simple/submit.ftl,core/src/test/java/org/apache/struts2/views/jsp/ui/SubmitTest.java,69,12
plugins/json/src/main/java/org/apache/struts2/json/JSONInterceptor.java,plugins/json/src/test/java/org/apache/struts2/json/JSONInterceptorTest.java,69,12
core/src/site/resources/tags/ajax/tabbedpanel.html,core/src/site/resources/tags/ajax/tree.html,69,12
apps/blank/pom.xml,plugins/tiles/pom.xml,68,93
apps/mailreader/pom.xml,plugins/tiles/pom.xml,68,92
apps/pom.xml,plugins/jfreechart/pom.xml,68,91
apps/pom.xml,plugins/jasperreports/pom.xml,68,90
plugins/dojo/pom.xml,plugins/portlet/pom.xml,68,48
plugins/junit/pom.xml,plugins/rest/pom.xml,68,32
core/src/site/resources/tags/ajax/autocompleter.html,core/src/site/resources/tags/ajax/div.html,68,16
core/src/site/resources/tags/ajax/a.html,core/src/site/resources/tags/ajax/autocompleter.html,68,16
core/src/site/resources/tags/ajax/div.html,core/src/site/resources/tags/ajax/tabbedpanel.html,68,15
apps/mailreader/pom.xml,apps/showcase/pom.xml,67,111
apps/pom.xml,apps/portlet/pom.xml,67,106
apps/pom.xml,plugins/spring/pom.xml,67,91
apps/mailreader/pom.xml,plugins/pom.xml,66,95
apps/blank/pom.xml,plugins/pom.xml,66,95
plugins/pom.xml,plugins/tiles/pom.xml,66,95
plugins/dwr/pom.xml,plugins/javatemplates/pom.xml,66,21
core/src/main/java/org/apache/struts2/components/Autocompleter.java,core/src/test/java/org/apache/struts2/views/jsp/ui/AutocompleterTest.java,66,15
core/src/main/java/org/apache/struts2/components/Autocompleter.java,core/src/main/resources/template/ajax/autocompleter.ftl,66,14
core/src/main/java/org/apache/struts2/components/Autocompleter.java,core/src/test/resources/org/apache/struts2/views/jsp/ui/Autocompleter-1.txt,66,14
core/src/site/resources/tags/ajax/div.html,core/src/site/resources/tags/ajax/treenode.html,66,12
core/src/site/resources/tags/ajax/autocompleter.html,core/src/site/resources/tags/ajax/treenode.html,66,12
core/src/site/resources/tags/ajax/a.html,core/src/site/resources/tags/ajax/treenode.html,66,12
core/src/main/resources/template/ajax/autocompleter.ftl,core/src/site/resources/tags/autocompleter.html,66,11
core/src/site/resources/tags/autocompleter.html,core/src/test/resources/org/apache/struts2/views/jsp/ui/Autocompleter-1.txt,66,11
core/src/main/resources/template/simple/autocompleter.ftl,core/src/test/java/org/apache/struts2/views/jsp/ui/AutocompleterTest.java,66,11
apps/portlet/src/test/java/org/apache/struts2/portlet/test/BasePortletTest.java,apps/portlet/src/test/java/org/apache/struts2/portlet/test/Struts2PortletTest.java,66,9
core/src/main/java/org/apache/struts2/dispatcher/ng/filter/StrutsPrepareFilter.java,core/src/main/java/org/apache/struts2/dispatcher/ng/servlet/StrutsServlet.java,66,8
apps/showcase/src/main/webapp/tags/ui/datepicker/index.jsp,apps/showcase/src/main/webapp/tags/ui/timepicker/index.jsp,66,8
core/src/site/resources/tags/checkbox.html,core/src/site/resources/tags/radio.html,66,8
plugins/dojo/src/main/java/org/apache/struts2/dojo/views/jsp/ui/AutocompleterTag.java,plugins/dojo/src/main/resources/template/ajax/autocompleter.ftl,66,8
apps/showcase/src/main/webapp/ajax/remotediv/example8.jsp,apps/showcase/src/main/webapp/ajax/remotelink/index.jsp,66,8
core/src/main/java/org/apache/struts2/components/Property.java,core/src/site/resources/tags/property.html,66,8
assembly/src/main/resources/NOTICE.txt,core/src/main/resources/NOTICE.txt,66,8
apps/showcase/src/main/webapp/tags/ui/treeExampleDynamic.jsp,apps/showcase/src/main/webapp/tags/ui/treeExampleStatic.jsp,66,8
plugins/dojo/src/main/resources/template/ajax/bind.ftl,plugins/dojo/src/test/resources/org/apache/struts2/dojo/views/jsp/ui/submit-ajax-1.txt,66,8
apps/showcase/pom.xml,plugins/sitegraph/pom.xml,64,103
apps/showcase/pom.xml,plugins/struts1/pom.xml,64,101
apps/showcase/pom.xml,plugins/jsf/pom.xml,64,98
apps/showcase/pom.xml,plugins/config-browser/pom.xml,64,98
apps/portlet/pom.xml,plugins/tiles/pom.xml,64,98
apps/showcase/pom.xml,plugins/pell-multipart/pom.xml,64,97
core/src/main/java/org/apache/struts2/interceptor/MessageStoreInterceptor.java,core/src/test/java/org/apache/struts2/interceptor/MessageStoreInterceptorTest.java,64,13
apps/showcase/pom.xml,plugins/jasperreports/pom.xml,63,102
apps/portlet/pom.xml,plugins/pom.xml,63,101
apps/showcase/pom.xml,plugins/codebehind/pom.xml,63,100
apps/showcase/pom.xml,plugins/plexus/pom.xml,63,99
apps/rest-showcase/pom.xml,plugins/dwr/pom.xml,63,30
core/src/main/java/org/apache/struts2/views/util/UrlHelper.java,core/src/test/java/org/apache/struts2/views/util/UrlHelperTest.java,63,19
core/src/main/java/org/apache/struts2/views/jsp/ui/AutocompleterTag.java,core/src/site/resources/tags/autocompleter.html,63,11
core/src/site/resources/tags/ajax/datetimepicker.html,core/src/site/resources/tags/ajax/tabbedpanel.html,63,11
core/src/main/java/org/apache/struts2/views/jsp/ui/AutocompleterTag.java,core/src/main/resources/template/simple/autocompleter.ftl,63,10
xwork-core/src/main/java/com/opensymphony/xwork2/security/DefaultExcludedPatternsChecker.java,xwork-core/src/test/java/com/opensymphony/xwork2/security/DefaultExcludedPatternsCheckerTest.java,63,10
plugins/json/src/main/java/org/apache/struts2/json/JSONActionRedirectResult.java,plugins/json/src/main/java/org/apache/struts2/json/JSONValidationInterceptor.java,63,10
core/src/main/resources/template/xhtml/controlheader.ftl,core/src/main/resources/template/xhtml/styles.css,63,10
core/src/site/resources/tags/checkboxlist.html,core/src/site/resources/tags/inputtransferselect.html,63,10
core/src/site/resources/tags/ajax/form.html,core/src/site/resources/tags/ajax/tabbedpanel.html,63,10
apps/showcase/pom.xml,plugins/tiles/pom.xml,62,111
apps/showcase/pom.xml,plugins/jfreechart/pom.xml,62,103
apps/showcase/pom.xml,plugins/spring/pom.xml,62,103
apps/pom.xml,plugins/pom.xml,62,102
apps/pom.xml,plugins/tiles/pom.xml,62,100
plugins/javatemplates/pom.xml,plugins/testng/pom.xml,62,23
core/src/site/resources/tags/ajax/a.html,core/src/site/resources/tags/ajax/tabbedpanel.html,62,15
plugins/dojo/src/main/resources/org/apache/struts2/static/dojo/struts/widget/Bind.js,plugins/dojo/src/main/resources/org/apache/struts2/static/dojo/struts/widget/BindDiv.js,62,15
core/src/site/resources/tags/ajax/autocompleter.html,core/src/site/resources/tags/ajax/submit.html,62,15
core/src/main/resources/org/apache/struts2/struts-messages.properties,core/src/main/resources/org/apache/struts2/struts-messages_de.properties,62,8
core/src/main/resources/template/simple/optgroup.ftl,core/src/test/java/org/apache/struts2/views/jsp/ui/OptGroupTest.java,62,8
plugins/config-browser/src/main/java/org/apache/struts2/config_browser/ActionNamesAction.java,plugins/config-browser/src/main/java/org/apache/struts2/config_browser/ShowConfigAction.java,62,8
core/src/site/resources/tags/div.html,core/src/site/resources/tags/submit.html,62,8
apps/shopping-cart/pom.xml,apps/starter/pom.xml,62,8
apps/mailreader/src/main/resources/struts.properties,apps/mailreader/src/main/resources/struts.xml,62,8
core/src/main/java/org/apache/struts2/dispatcher/ng/filter/StrutsExecuteFilter.java,core/src/main/java/org/apache/struts2/dispatcher/ng/filter/StrutsPrepareFilter.java,62,8
core/src/main/java/org/apache/struts2/dispatcher/ng/filter/StrutsPrepareAndExecuteFilter.java,core/src/main/java/org/apache/struts2/dispatcher/ng/servlet/StrutsServlet.java,62,8
core/src/main/resources/template/simple/actionerror.ftl,core/src/main/resources/template/simple/fielderror.ftl,62,8
core/src/main/resources/template/simple/actionmessage.ftl,core/src/main/resources/template/simple/fielderror.ftl,62,8
core/src/site/resources/tags/ajax/form.html,core/src/site/resources/tags/ajax/tree.html,62,8
apps/pom.xml,apps/showcase/pom.xml,61,119
core/src/main/java/org/apache/struts2/dispatcher/mapper/DefaultActionMapper.java,core/src/test/java/org/apache/struts2/dispatcher/mapper/DefaultActionMapperTest.java,61,57
plugins/portlet/pom.xml,plugins/testng/pom.xml,61,36
plugins/junit/pom.xml,plugins/portlet/pom.xml,60,42
plugins/portlet/pom.xml,plugins/rest/pom.xml,60,40
assembly/src/main/assembly/all.xml,assembly/src/main/assembly/lib.xml,60,35
plugins/dojo/pom.xml,plugins/testng/pom.xml,60,35
apps/rest-showcase/pom.xml,plugins/testng/pom.xml,60,32
core/src/site/resources/tags/ajax/a.html,core/src/site/resources/tags/ajax/bind.html,60,12
archetypes/struts2-archetype-dbportlet/src/main/resources/archetype-resources/pom.xml,archetypes/struts2-archetype-starter/src/main/resources/archetype-resources/pom.xml,60,10
core/src/test/resources/org/apache/struts2/views/jsp/ui/Formtag-2.txt,core/src/test/resources/org/apache/struts2/views/jsp/ui/Formtag-6.txt,60,10
plugins/dojo/pom.xml,plugins/rest/pom.xml,59,39
apps/showcase/pom.xml,plugins/pom.xml,58,114
plugins/spring/src/main/java/org/apache/struts2/spring/StrutsSpringObjectFactory.java,plugins/spring/src/test/java/org/apache/struts2/spring/StrutsSpringObjectFactoryTest.java,58,16
core/src/site/resources/tags/autocompleter.html,core/src/test/java/org/apache/struts2/views/jsp/ui/AutocompleterTest.java,58,12
plugins/tiles/src/main/java/org/apache/struts2/tiles/StrutsTilesInitializer.java,plugins/tiles/src/main/java/org/apache/struts2/tiles/StrutsWildcardServletTilesApplicationContext.java,58,12
core/src/site/resources/tags/doubleselect.html,core/src/site/resources/tags/select.html,58,12
core/src/site/resources/tags/doubleselect.html,core/src/site/resources/tags/inputtransferselect.html,58,12
core/src/main/java/org/apache/struts2/dispatcher/multipart/MultiPartRequest.java,plugins/pell-multipart/src/main/java/org/apache/struts2/dispatcher/multipart/PellMultiPartRequest.java,58,9
core/src/main/java/com/opensymphony/xwork2/config/entities/ActionConfig.java,core/src/main/java/com/opensymphony/xwork2/config/entities/AllowedMethods.java,58,9
xwork-core/src/main/java/com/opensymphony/xwork2/validator/validators/IntRangeFieldValidator.java,xwork-core/src/main/java/com/opensymphony/xwork2/validator/validators/LongRangeFieldValidator.java,58,9
core/src/site/resources/tags/ajax/bind.html,core/src/site/resources/tags/ajax/tree.html,58,9
core/src/main/java/org/apache/struts2/dispatcher/ng/filter/StrutsExecuteFilter.java,core/src/main/java/org/apache/struts2/dispatcher/ng/filter/StrutsPrepareAndExecuteFilter.java,58,9
core/src/site/resources/tags/checkbox.html,core/src/site/resources/tags/checkboxlist.html,58,9
apps/rest-showcase/pom.xml,plugins/rest/pom.xml,57,35
plugins/javatemplates/pom.xml,plugins/rest/pom.xml,57,26
core/src/main/java/org/apache/struts2/components/Autocompleter.java,core/src/site/resources/tags/autocompleter.html,57,14
xwork-core/src/main/java/com/opensymphony/xwork2/config/impl/DefaultConfiguration.java,xwork-core/src/main/java/com/opensymphony/xwork2/config/providers/XWorkConfigurationProvider.java,57,14
plugins/dojo/src/main/java/org/apache/struts2/dojo/components/Submit.java,plugins/dojo/src/main/java/org/apache/struts2/dojo/views/jsp/ui/SubmitTag.java,57,11
core/src/main/resources/template/simple/submit.ftl,core/src/test/resources/org/apache/struts2/views/jsp/ui/Submit-1.txt,57,11
core/src/main/java/org/apache/struts2/dispatcher/multipart/MultiPartRequestWrapper.java,plugins/pell-multipart/src/main/java/org/apache/struts2/dispatcher/multipart/PellMultiPartRequest.java,57,11
core/src/site/resources/tags/ajax/tabbedpanel.html,core/src/site/resources/tags/ajax/treenode.html,57,11
plugins/dojo/pom.xml,plugins/junit/pom.xml,56,41
plugins/dojo/pom.xml,plugins/dwr/pom.xml,56,34
api/pom.xml,plugins/continuations/pom.xml,56,23
core/src/main/java/org/apache/struts2/components/Autocompleter.java,core/src/test/resources/org/apache/struts2/views/jsp/ui/Autocompleter-2.txt,56,13
core/src/site/resources/tags/doubleselect.html,core/src/site/resources/tags/updownselect.html,56,13
plugins/dwr/pom.xml,plugins/portlet/pom.xml,55,35
core/src/main/java/org/apache/struts2/interceptor/CookieInterceptor.java,core/src/test/java/org/apache/struts2/interceptor/CookieInterceptorTest.java,55,20
core/src/site/resources/tags/ajax/autocompleter.html,core/src/site/resources/tags/ajax/tabbedpanel.html,55,15
core/src/main/java/org/apache/struts2/util/URLDecoderUtil.java,core/src/main/java/org/apache/struts2/views/util/DefaultUrlHelper.java,55,15
core/src/main/java/org/apache/struts2/views/util/DefaultUrlHelper.java,core/src/test/java/org/apache/struts2/util/URLDecoderUtilTest.java,55,15
apps/showcase/src/main/webapp/ajax/remotebutton/index.jsp,apps/showcase/src/main/webapp/ajax/remotelink/index.jsp,55,9
core/src/main/resources/template/simple/optiontransferselect.ftl,core/src/test/resources/org/apache/struts2/views/jsp/ui/optiontransferselect-1.txt,55,9
plugins/json/pom.xml,plugins/oval/pom.xml,55,9
plugins/portlet/src/main/java/org/apache/struts2/portlet/PortletActionConstants.java,plugins/portlet/src/main/java/org/apache/struts2/portlet/result/PortletResult.java,55,9
core/src/main/java/org/apache/struts2/components/Div.java,core/src/test/java/org/apache/struts2/views/jsp/ui/DivTest.java,55,9
core/src/main/resources/org/apache/struts2/static/dojo/struts/widget/ComboBox.js,core/src/test/resources/org/apache/struts2/views/jsp/ui/Autocompleter-1.txt,54,11
plugins/dojo/src/main/resources/org/apache/struts2/static/dojo/struts/widget/BindDiv.js,plugins/dojo/src/main/resources/template/ajax/bind.ftl,54,11
plugins/dojo/src/main/java/org/apache/struts2/dojo/components/AbstractRemoteBean.java,plugins/dojo/src/main/java/org/apache/struts2/dojo/components/Submit.java,54,11
core/src/main/resources/org/apache/struts2/static/dojo/struts/widget/ComboBox.js,core/src/main/resources/template/ajax/autocompleter.ftl,54,11
archetypes/struts2-archetype-convention/src/main/resources/archetype-resources/pom.xml,archetypes/struts2-archetype-dbportlet/src/main/resources/archetype-resources/pom.xml,54,11
plugins/convention/pom.xml,plugins/dwr/pom.xml,53,26
core/src/site/resources/tags/inputtransferselect.html,core/src/site/resources/tags/optiontransferselect.html,53,13
core/src/site/resources/tags/ajax/submit.html,core/src/site/resources/tags/ajax/tabbedpanel.html,53,13
core/src/test/java/org/apache/struts2/dispatcher/FilterDispatcherTest.java,core/src/test/java/org/apache/struts2/dispatcher/FilterTest.java,53,13
core/src/site/resources/tags/optiontransferselect.html,core/src/site/resources/tags/select.html,53,13
core/src/main/java/org/apache/struts2/views/jsp/ui/AutocompleterTag.java,core/src/main/resources/org/apache/struts2/static/dojo/struts/widget/ComboBox.js,52,12
core/src/site/resources/tags/ajax/bind.html,core/src/site/resources/tags/ajax/div.html,52,12
archetypes/struts2-archetype-blank/src/main/resources/archetype-resources/pom.xml,archetypes/struts2-archetype-dbportlet/src/main/resources/archetype-resources/pom.xml,52,12
core/src/main/resources/template/simple/autocompleter.ftl,core/src/site/resources/tags/autocompleter.html,52,10
core/src/test/resources/org/apache/struts2/views/jsp/ui/Formtag-2.txt,core/src/test/resources/org/apache/struts2/views/jsp/ui/Formtag-22.txt,52,10
apps/mailreader/src/main/java/struts.properties,apps/mailreader/src/main/java/struts.xml,52,10
core/src/site/resources/tags/ajax/form.html,core/src/site/resources/tags/ajax/submit.html,52,10
core/src/site/resources/tags/autocompleter.html,core/src/test/resources/org/apache/struts2/views/jsp/ui/Autocompleter-2.txt,52,10
plugins/portlet/src/main/java/org/apache/struts2/portlet/result/PortletResult.java,plugins/portlet/src/test/java/org/apache/struts2/portlet/result/PortletResultTest.java,52,10
plugins/codebehind/pom.xml,plugins/dojo/pom.xml,51,59
apps/rest-showcase/pom.xml,plugins/junit/pom.xml,51,37
apps/rest-showcase/pom.xml,plugins/javatemplates/pom.xml,51,31
core/src/main/java/org/apache/struts2/dispatcher/ServletRedirectResult.java,core/src/test/java/org/apache/struts2/dispatcher/ServletRedirectResultTest.java,51,20
assembly/src/main/assembly/apps.xml,assembly/src/main/assembly/src.xml,51,14
core/src/site/resources/tags/doubleselect.html,core/src/site/resources/tags/radio.html,51,14
core/src/site/resources/tags/optiontransferselect.html,core/src/site/resources/tags/updownselect.html,51,14
plugins/codebehind/pom.xml,plugins/portlet/pom.xml,50,60
plugins/convention/pom.xml,plugins/testng/pom.xml,50,28
plugins/javatemplates/pom.xml,plugins/junit/pom.xml,50,28
core/src/main/java/org/apache/struts2/dispatcher/multipart/JakartaMultiPartRequest.java,core/src/main/java/org/apache/struts2/dispatcher/multipart/MultiPartRequestWrapper.java,50,18
core/src/main/java/org/apache/struts2/interceptor/validation/JSONValidationInterceptor.java,core/src/test/java/org/apache/struts2/interceptor/validation/JSONValidationInterceptorTest.java,50,12
plugins/dojo/src/main/java/org/apache/struts2/dojo/components/Submit.java,plugins/dojo/src/test/resources/org/apache/struts2/dojo/views/jsp/ui/href-1.txt,50,10
core/src/main/java/org/apache/struts2/components/Div.java,core/src/test/resources/org/apache/struts2/views/jsp/ui/div-1.txt,50,10
core/src/site/resources/tags/ajax/bind.html,core/src/site/resources/tags/ajax/tabbedpanel.html,50,10
core/src/main/java/org/apache/struts2/interceptor/validation/AnnotationValidationInterceptor.java,core/src/test/java/org/apache/struts2/interceptor/validation/AnnotationValidationInterceptorTest.java,50,10
plugins/dojo/src/main/java/org/apache/struts2/dojo/components/Submit.java,plugins/dojo/src/test/java/org/apache/struts2/dojo/views/jsp/ui/AnchorTest.java,50,10
plugins/dojo/src/main/java/org/apache/struts2/dojo/components/Submit.java,plugins/dojo/src/main/resources/template/ajax/ajax-common.ftl,50,10
plugins/dojo/pom.xml,plugins/javatemplates/pom.xml,49,35
apps/rest-showcase/pom.xml,plugins/dojo/pom.xml,48,44
plugins/convention/pom.xml,plugins/rest/pom.xml,48,31
core/src/main/java/org/apache/struts2/dispatcher/multipart/JakartaMultiPartRequest.java,plugins/pell-multipart/src/main/java/org/apache/struts2/dispatcher/multipart/PellMultiPartRequest.java,48,19
assembly/src/main/assembly/lib.xml,assembly/src/main/resources/NOTICE.txt,48,15
xwork-core/src/main/java/com/opensymphony/xwork2/ognl/SecurityMemberAccess.java,xwork-core/src/test/java/com/opensymphony/xwork2/ognl/SecurityMemberAccessTest.java,48,15
core/src/site/resources/tags/checkboxlist.html,core/src/site/resources/tags/doubleselect.html,48,15
core/src/site/resources/tags/optiontransferselect.html,core/src/site/resources/tags/radio.html,48,15
assembly/src/main/assembly/apps.xml,assembly/src/main/assembly/lib.xml,48,15
plugins/dojo/src/main/java/org/apache/struts2/dojo/components/Autocompleter.java,plugins/dojo/src/test/resources/org/apache/struts2/dojo/views/jsp/ui/Autocompleter-1.txt,48,13
core/src/main/java/org/apache/struts2/components/Autocompleter.java,core/src/main/resources/template/simple/autocompleter.ftl,48,13
core/src/main/resources/org/apache/struts2/static/dojo/struts/widget/ComboBox.js,core/src/test/java/org/apache/struts2/views/jsp/ui/AutocompleterTest.java,48,13
assembly/pom.xml,plugins/plexus/pom.xml,47,117
apps/rest-showcase/pom.xml,plugins/portlet/pom.xml,47,45
plugins/javatemplates/pom.xml,plugins/portlet/pom.xml,47,36
assembly/src/main/assembly/all.xml,assembly/src/main/assembly/docs.xml,47,36
assembly/src/main/assembly/all.xml,assembly/src/main/assembly/src.xml,47,34
core/src/main/java/org/apache/struts2/dispatcher/mapper/Restful2ActionMapper.java,core/src/test/java/org/apache/struts2/dispatcher/mapper/Restful2ActionMapperTest.java,47,19
core/src/main/java/com/opensymphony/xwork2/config/impl/DefaultConfiguration.java,core/src/main/java/com/opensymphony/xwork2/config/providers/XWorkConfigurationProvider.java,47,11
plugins/dojo/src/main/resources/org/apache/struts2/static/dojo/struts/widget/Bind.js,plugins/dojo/src/main/resources/template/ajax/bind.ftl,47,11
apps/blank/src/main/resources/example.xml,apps/blank/src/main/resources/struts.xml,47,11
plugins/dojo/src/main/java/org/apache/struts2/dojo/components/Submit.java,plugins/dojo/src/test/resources/org/apache/struts2/dojo/views/jsp/ui/div-1.txt,47,11
assembly/pom.xml,plugins/pom.xml,46,132
assembly/pom.xml,plugins/sitemesh/pom.xml,46,120
assembly/pom.xml,plugins/struts1/pom.xml,46,119
assembly/pom.xml,plugins/config-browser/pom.xml,46,116
assembly/pom.xml,plugins/jsf/pom.xml,46,116
assembly/pom.xml,plugins/pell-multipart/pom.xml,46,115
plugins/portlet/pom.xml,plugins/sitegraph/pom.xml,46,62
plugins/codebehind/pom.xml,plugins/rest/pom.xml,46,50
plugins/codebehind/src/main/java/org/apache/struts2/codebehind/CodebehindUnknownHandler.java,plugins/codebehind/src/test/java/org/apache/struts2/codebehind/CodebehindUnknownHandlerTest.java,46,13
plugins/portlet/src/main/java/org/apache/struts2/components/PortletUrlRenderer.java,plugins/portlet/src/test/java/org/apache/struts2/components/PortletUrlRendererTest.java,46,13
plugins/portlet/src/main/java/org/apache/struts2/portlet/dispatcher/Jsr168Dispatcher.java,plugins/portlet/src/test/java/org/apache/struts2/portlet/dispatcher/Jsr168DispatcherTest.java,46,13
plugins/json/src/main/java/org/apache/struts2/json/JSONResult.java,plugins/json/src/main/java/org/apache/struts2/json/JSONUtil.java,46,13
core/src/main/java/org/apache/struts2/interceptor/CookiesAware.java,core/src/test/java/org/apache/struts2/interceptor/CookieInterceptorTest.java,46,13
core/pom.xml,plugins/sitegraph/pom.xml,45,152
core/pom.xml,plugins/jfreechart/pom.xml,45,152
core/pom.xml,plugins/sitemesh/pom.xml,45,151
assembly/pom.xml,plugins/sitegraph/pom.xml,45,121
assembly/pom.xml,plugins/jasperreports/pom.xml,45,120
plugins/dojo/pom.xml,plugins/sitegraph/pom.xml,45,61
plugins/rest/pom.xml,plugins/sitegraph/pom.xml,45,53
plugins/codebehind/pom.xml,plugins/testng/pom.xml,45,47
plugins/dwr/pom.xml,plugins/pell-multipart/pom.xml,45,42
core/src/site/resources/tags/checkboxlist.html,core/src/site/resources/tags/optiontransferselect.html,45,16
core/src/test/java/org/apache/struts2/util/URLDecoderUtilTest.java,core/src/test/java/org/apache/struts2/views/util/DefaultUrlHelperTest.java,45,11
plugins/dojo/src/main/java/org/apache/struts2/dojo/components/Submit.java,plugins/dojo/src/test/java/org/apache/struts2/dojo/views/jsp/ui/SubmitAjaxTest.java,45,11
plugins/dojo/src/main/resources/org/apache/struts2/static/dojo/struts/widget/Bind.js,plugins/dojo/src/test/resources/org/apache/struts2/dojo/views/jsp/ui/submit-ajax-1.txt,45,11
core/src/site/resources/tags/ajax/div.html,core/src/site/resources/tags/ajax/form.html,45,11
core/src/site/resources/tags/ajax/a.html,core/src/site/resources/tags/ajax/form.html,45,11
build.xml,osbuild.xml,45,11
apps/blank/src/main/resources/struts.xml,apps/blank/src/main/webapp/example/Welcome.jsp,45,11
core/src/main/java/org/apache/struts2/util/URLDecoderUtil.java,core/src/test/java/org/apache/struts2/views/util/DefaultUrlHelperTest.java,45,11
apps/blank/pom.xml,core/pom.xml,44,161
core/pom.xml,plugins/struts1/pom.xml,44,150
core/pom.xml,plugins/codebehind/pom.xml,44,149
apps/pom.xml,assembly/pom.xml,44,137
apps/blank/pom.xml,assembly/pom.xml,44,130
apps/mailreader/pom.xml,assembly/pom.xml,44,129
assembly/pom.xml,plugins/jfreechart/pom.xml,44,121
assembly/pom.xml,plugins/codebehind/pom.xml,44,118
plugins/dojo/pom.xml,plugins/spring/pom.xml,44,61
plugins/codebehind/pom.xml,plugins/junit/pom.xml,44,52
plugins/sitegraph/pom.xml,plugins/testng/pom.xml,44,49
plugins/struts1/pom.xml,plugins/testng/pom.xml,44,48
plugins/dwr/pom.xml,plugins/jsf/pom.xml,44,43
plugins/config-browser/pom.xml,plugins/dwr/pom.xml,44,43
xwork-core/src/main/java/com/opensymphony/xwork2/interceptor/ParametersInterceptor.java,xwork-core/src/test/java/com/opensymphony/xwork2/interceptor/ParametersInterceptorTest.java,44,34
apps/showcase/src/main/webapp/WEB-INF/decorators/main.jsp,apps/showcase/src/main/webapp/showcase.jsp,44,32
apps/showcase/pom.xml,core/pom.xml,43,179
apps/portlet/pom.xml,core/pom.xml,43,166
core/pom.xml,plugins/pom.xml,43,163
core/pom.xml,plugins/plexus/pom.xml,43,148
core/pom.xml,plugins/jsf/pom.xml,43,147
core/pom.xml,plugins/pell-multipart/pom.xml,43,146
apps/portlet/pom.xml,assembly/pom.xml,43,135
assembly/pom.xml,plugins/tiles/pom.xml,43,129
assembly/pom.xml,plugins/spring/pom.xml,43,121
plugins/portlet/pom.xml,plugins/spring/pom.xml,43,62
plugins/dojo/pom.xml,plugins/struts1/pom.xml,43,60
plugins/dwr/pom.xml,plugins/plexus/pom.xml,43,44
plugins/pell-multipart/pom.xml,plugins/testng/pom.xml,43,44
plugins/jsf/pom.xml,plugins/testng/pom.xml,43,44
plugins/convention/pom.xml,plugins/dojo/pom.xml,43,40
xwork-core/src/main/java/com/opensymphony/xwork2/ognl/OgnlUtil.java,xwork-core/src/test/java/com/opensymphony/xwork2/ognl/OgnlUtilTest.java,43,16
plugins/convention/src/test/java/org/apache/struts2/convention/DefaultResultMapBuilderTest.java,plugins/convention/src/test/java/org/apache/struts2/convention/PackageBasedActionConfigBuilderTest.java,43,16
plugins/dojo/src/main/java/org/apache/struts2/dojo/components/Autocompleter.java,plugins/dojo/src/main/java/org/apache/struts2/dojo/views/jsp/ui/AutocompleterTag.java,43,12
apps/blank/src/main/resources/struts.xml,apps/blank/src/main/webapp/WEB-INF/web.xml,43,12
core/src/site/resources/tags/ajax/autocompleter.html,core/src/site/resources/tags/ajax/bind.html,43,12
plugins/portlet/src/main/java/org/apache/struts2/portlet/interceptor/PortletStateInterceptor.java,plugins/portlet/src/main/java/org/apache/struts2/portlet/result/PortletResult.java,43,12
plugins/dojo/src/main/java/org/apache/struts2/dojo/components/Submit.java,plugins/dojo/src/test/resources/org/apache/struts2/dojo/views/jsp/ui/submit-ajax-1.txt,43,12
core/src/main/resources/org/apache/struts2/static/dojo/struts/widget/ComboBox.js,core/src/site/resources/tags/autocompleter.html,43,12
plugins/dojo/src/main/resources/org/apache/struts2/static/dojo/struts/widget/BindDiv.js,plugins/dojo/src/test/resources/org/apache/struts2/dojo/views/jsp/ui/submit-ajax-1.txt,43,12
core/pom.xml,plugins/spring/pom.xml,42,152
apps/showcase/pom.xml,assembly/pom.xml,42,148
core/pom.xml,plugins/config-browser/pom.xml,42,147
plugins/portlet/pom.xml,plugins/sitemesh/pom.xml,42,61
plugins/portlet/pom.xml,plugins/struts1/pom.xml,42,61
plugins/junit/pom.xml,plugins/sitegraph/pom.xml,42,55
plugins/codebehind/pom.xml,plugins/dwr/pom.xml,42,45
plugins/config-browser/pom.xml,plugins/testng/pom.xml,42,45
plugins/convention/pom.xml,plugins/junit/pom.xml,42,33
plugins/convention/pom.xml,plugins/gxp/pom.xml,42,24
plugins/dojo/src/main/java/org/apache/struts2/dojo/components/Autocompleter.java,plugins/dojo/src/main/resources/template/ajax/autocompleter.ftl,42,14
core/src/main/java/org/apache/struts2/interceptor/CookieInterceptor.java,core/src/main/java/org/apache/struts2/interceptor/CookiesAware.java,42,14
assembly/pom.xml,core/pom.xml,41,197
apps/pom.xml,core/pom.xml,41,168
core/pom.xml,plugins/jasperreports/pom.xml,41,151
plugins/jfreechart/pom.xml,plugins/portlet/pom.xml,41,62
plugins/dojo/pom.xml,plugins/sitemesh/pom.xml,41,60
plugins/junit/pom.xml,plugins/struts1/pom.xml,41,53
plugins/jfreechart/pom.xml,plugins/rest/pom.xml,41,53
plugins/rest/pom.xml,plugins/struts1/pom.xml,41,51
plugins/plexus/pom.xml,plugins/testng/pom.xml,41,46
plugins/dwr/pom.xml,plugins/struts1/pom.xml,41,46
plugins/convention/pom.xml,plugins/portlet/pom.xml,41,41
apps/rest-showcase/pom.xml,plugins/convention/pom.xml,41,36
core/src/main/java/org/apache/struts2/dispatcher/mapper/Restful2ActionMapper.java,core/src/main/java/org/apache/struts2/dispatcher/mapper/RestfulActionMapper.java,41,20
assembly/src/main/assembly/lib-jdk14.xml,assembly/src/main/assembly/lib.xml,41,15
core/src/main/java/org/apache/struts2/components/Autocompleter.java,core/src/main/resources/org/apache/struts2/static/dojo/struts/widget/ComboBox.js,41,15
plugins/dojo/src/main/java/org/apache/struts2/dojo/components/Autocompleter.java,plugins/dojo/src/test/java/org/apache/struts2/dojo/views/jsp/ui/AutocompleterTest.java,41,12
core/pom.xml,plugins/tiles/pom.xml,40,160
apps/mailreader/pom.xml,core/pom.xml,40,160
apps/mailreader/pom.xml,apps/rest-showcase/pom.xml,40,66
plugins/dojo/pom.xml,plugins/jfreechart/pom.xml,40,61
plugins/jfreechart/pom.xml,plugins/junit/pom.xml,40,55
plugins/rest/pom.xml,plugins/spring/pom.xml,40,53
plugins/jfreechart/pom.xml,plugins/testng/pom.xml,40,49
api/pom.xml,plugins/pell-multipart/pom.xml,40,48
plugins/dwr/pom.xml,plugins/spring/pom.xml,40,48
plugins/jsf/pom.xml,plugins/rest/pom.xml,40,48
plugins/dwr/pom.xml,plugins/sitegraph/pom.xml,40,48
plugins/dwr/pom.xml,plugins/jfreechart/pom.xml,40,48
plugins/dwr/pom.xml,plugins/jasperreports/pom.xml,40,47
plugins/dwr/pom.xml,plugins/sitemesh/pom.xml,40,47
plugins/pell-multipart/pom.xml,plugins/rest/pom.xml,40,47
assembly/src/main/assembly/lib.xml,assembly/src/main/assembly/src.xml,40,20
plugins/portlet/src/main/java/org/apache/struts2/components/PortletUrlRenderer.java,plugins/portlet/src/test/java/org/apache/struts2/views/jsp/PortletUrlTagTest.java,40,15
plugins/dojo/src/main/java/org/apache/struts2/dojo/components/Bind.java,plugins/dojo/src/main/resources/org/apache/struts2/static/dojo/struts/widget/Bind.js,40,13
api/pom.xml,plugins/config-browser/pom.xml,39,49
plugins/config-browser/pom.xml,plugins/rest/pom.xml,39,48
api/pom.xml,plugins/jsf/pom.xml,39,48
plugins/jasperreports/pom.xml,plugins/testng/pom.xml,39,48
plugins/sitemesh/pom.xml,plugins/testng/pom.xml,39,48
plugins/tiles/src/main/java/org/apache/struts2/tiles/StrutsTilesContainerFactory.java,plugins/tiles/src/main/java/org/apache/struts2/tiles/StrutsTilesInitializer.java,39,26
apps/rest-showcase/pom.xml,plugins/codebehind/pom.xml,38,55
plugins/config-browser/pom.xml,plugins/junit/pom.xml,38,50
plugins/jsf/pom.xml,plugins/junit/pom.xml,38,50
api/pom.xml,plugins/plexus/pom.xml,38,50
plugins/spring/pom.xml,plugins/testng/pom.xml,38,49
plugins/junit/pom.xml,plugins/pell-multipart/pom.xml,38,49
plugins/plexus/pom.xml,plugins/rest/pom.xml,38,49
core/src/test/java/org/apache/struts2/TestConfigurationProvider.java,core/src/test/java/org/apache/struts2/interceptor/ExecuteAndWaitInterceptorTest.java,38,13
plugins/dojo/src/main/java/org/apache/struts2/dojo/components/Bind.java,plugins/dojo/src/main/resources/org/apache/struts2/static/dojo/struts/widget/BindDiv.js,38,13
apps/portlet/pom.xml,plugins/portlet/pom.xml,37,77
core/src/main/java/org/apache/struts2/StrutsConstants.java,core/src/main/java/org/apache/struts2/config/BeanSelectionProvider.java,37,67
plugins/pell-multipart/pom.xml,plugins/portlet/pom.xml,37,57
plugins/config-browser/pom.xml,plugins/dojo/pom.xml,37,57
plugins/dojo/pom.xml,plugins/jsf/pom.xml,37,56
plugins/dojo/pom.xml,plugins/pell-multipart/pom.xml,37,56
api/pom.xml,plugins/jfreechart/pom.xml,37,53
plugins/junit/pom.xml,plugins/plexus/pom.xml,37,51
core/src/main/java/org/apache/struts2/interceptor/FileUploadInterceptor.java,core/src/test/java/org/apache/struts2/interceptor/FileUploadInterceptorTest.java,37,30
core/src/main/java/org/apache/struts2/interceptor/I18nInterceptor.java,core/src/test/java/org/apache/struts2/interceptor/I18nInterceptorTest.java,37,19
plugins/tiles/src/main/java/org/apache/struts2/tiles/StrutsFreeMarkerAttributeRenderer.java,plugins/tiles/src/main/java/org/apache/struts2/tiles/StrutsTilesInitializer.java,37,16
core/src/main/java/org/apache/struts2/dispatcher/multipart/JakartaMultiPartRequest.java,core/src/main/java/org/apache/struts2/dispatcher/multipart/MultiPartRequest.java,37,16
core/src/main/java/org/apache/struts2/views/jsp/ui/AbstractUITag.java,core/src/test/java/org/apache/struts2/views/jsp/ui/AnchorTest.java,37,14
core/src/main/java/org/apache/struts2/dispatcher/multipart/JakartaStreamMultiPartRequest.java,plugins/pell-multipart/src/main/java/org/apache/struts2/dispatcher/multipart/PellMultiPartRequest.java,37,14
core/src/main/java/org/apache/struts2/views/jsp/URLTag.java,core/src/test/java/org/apache/struts2/views/jsp/URLTagTest.java,37,14
apps/blank/pom.xml,plugins/portlet/pom.xml,36,71
apps/blank/pom.xml,apps/rest-showcase/pom.xml,36,67
plugins/jasperreports/pom.xml,plugins/portlet/pom.xml,36,61
plugins/dojo/pom.xml,plugins/jasperreports/pom.xml,36,60
plugins/dojo/pom.xml,plugins/plexus/pom.xml,36,58
apps/rest-showcase/pom.xml,plugins/spring/pom.xml,36,58
plugins/config-browser/pom.xml,plugins/portlet/pom.xml,36,58
plugins/jsf/pom.xml,plugins/portlet/pom.xml,36,57
apps/rest-showcase/pom.xml,plugins/jsf/pom.xml,36,53
api/pom.xml,plugins/sitemesh/pom.xml,36,52
plugins/jasperreports/pom.xml,plugins/rest/pom.xml,36,52
apps/rest-showcase/pom.xml,plugins/pell-multipart/pom.xml,36,52
api/pom.xml,plugins/jasperreports/pom.xml,36,52
plugins/rest/pom.xml,plugins/sitemesh/pom.xml,36,52
plugins/dojo/src/main/java/org/apache/struts2/dojo/components/Autocompleter.java,plugins/dojo/src/main/resources/org/apache/struts2/static/dojo/struts/widget/ComboBox.js,36,17
core/pom.xml,pom.xml,35,285
apps/blank/pom.xml,plugins/dojo/pom.xml,35,70
plugins/plexus/pom.xml,plugins/portlet/pom.xml,35,59
apps/blank/pom.xml,plugins/dwr/pom.xml,35,57
apps/rest-showcase/pom.xml,plugins/jasperreports/pom.xml,35,57
plugins/junit/pom.xml,plugins/sitemesh/pom.xml,35,54
plugins/jasperreports/pom.xml,plugins/junit/pom.xml,35,54
apps/rest-showcase/pom.xml,plugins/plexus/pom.xml,35,54
apps/rest-showcase/pom.xml,plugins/config-browser/pom.xml,35,53
plugins/javatemplates/pom.xml,plugins/spring/pom.xml,35,49
plugins/convention/src/main/java/org/apache/struts2/convention/DefaultResultMapBuilder.java,plugins/convention/src/test/java/org/apache/struts2/convention/PackageBasedActionConfigBuilderTest.java,35,20
apps/rest-showcase/pom.xml,apps/showcase/pom.xml,34,85
apps/portlet/pom.xml,plugins/dojo/pom.xml,34,76
apps/blank/pom.xml,plugins/junit/pom.xml,34,64
apps/blank/pom.xml,plugins/rest/pom.xml,34,62
plugins/dwr/pom.xml,plugins/pom.xml,34,59
apps/blank/pom.xml,plugins/testng/pom.xml,34,58
apps/rest-showcase/pom.xml,plugins/sitegraph/pom.xml,34,58
plugins/junit/pom.xml,plugins/spring/pom.xml,34,55
api/pom.xml,plugins/struts1/pom.xml,34,52
src/site/site.xml,src/site/xdoc/index.xml,34,50
plugins/codebehind/pom.xml,plugins/javatemplates/pom.xml,34,46
plugins/dojo/src/main/resources/org/apache/struts2/static/dojo/struts/widget/BindDiv.js,plugins/dojo/src/main/resources/org/apache/struts2/static/dojo/struts_dojo.js.uncompressed.js,34,24
plugins/dojo/src/main/resources/org/apache/struts2/static/dojo/struts/widget/ComboBox.js,plugins/dojo/src/main/resources/org/apache/struts2/static/dojo/struts_dojo.js.uncompressed.js,34,24
plugins/dojo/src/main/resources/org/apache/struts2/static/dojo/struts/widget/ComboBox.js,plugins/dojo/src/main/resources/org/apache/struts2/static/dojo/struts_dojo.js,34,24
plugins/tiles/src/main/java/org/apache/struts2/tiles/StrutsTilesContainerFactory.java,plugins/tiles/src/main/java/org/apache/struts2/tiles/StrutsTilesListener.java,34,24
plugins/dojo/src/main/resources/org/apache/struts2/static/dojo/struts/widget/BindDiv.js,plugins/dojo/src/main/resources/org/apache/struts2/static/dojo/struts_dojo.js,34,24
plugins/spring/src/main/java/org/apache/struts2/spring/ClassReloadingXMLWebApplicationContext.java,plugins/spring/src/main/java/org/apache/struts2/spring/StrutsSpringObjectFactory.java,34,15
plugins/portlet/src/main/java/org/apache/struts2/portlet/dispatcher/Jsr168Dispatcher.java,plugins/portlet/src/main/java/org/apache/struts2/portlet/interceptor/PortletStateInterceptor.java,34,15
plugins/dojo/src/main/java/org/apache/struts2/dojo/components/Submit.java,plugins/dojo/src/main/resources/org/apache/struts2/static/dojo/struts/widget/Bind.js,34,15
plugins/tiles/pom.xml,pom.xml,33,217
apps/portlet/pom.xml,apps/rest-showcase/pom.xml,33,72
api/pom.xml,apps/blank/pom.xml,33,62
plugins/pom.xml,plugins/testng/pom.xml,33,60
apps/mailreader/pom.xml,plugins/testng/pom.xml,33,58
plugins/testng/pom.xml,plugins/tiles/pom.xml,33,58
apps/rest-showcase/pom.xml,plugins/jfreechart/pom.xml,33,58
apps/rest-showcase/pom.xml,plugins/sitemesh/pom.xml,33,57
apps/rest-showcase/pom.xml,plugins/struts1/pom.xml,33,56
apps/mailreader/pom.xml,plugins/dwr/pom.xml,33,56
plugins/dwr/pom.xml,plugins/tiles/pom.xml,33,56
api/pom.xml,plugins/sitegraph/pom.xml,33,53
core/src/main/java/org/apache/struts2/dispatcher/ActionContextCleanUp.java,core/src/main/java/org/apache/struts2/dispatcher/FilterDispatcher.java,33,30
core/src/main/java/org/apache/struts2/dispatcher/multipart/JakartaMultiPartRequest.java,core/src/main/java/org/apache/struts2/dispatcher/multipart/JakartaStreamMultiPartRequest.java,33,21
core/src/main/java/org/apache/struts2/components/URL.java,core/src/main/java/org/apache/struts2/views/jsp/URLTag.java,33,15
plugins/dojo/src/main/java/org/apache/struts2/dojo/components/Submit.java,plugins/dojo/src/main/resources/org/apache/struts2/static/dojo/struts/widget/BindDiv.js,33,15
assembly/src/main/assembly/apps.xml,assembly/src/main/assembly/docs.xml,33,15
apps/portlet/pom.xml,pom.xml,32,223
apps/pom.xml,apps/rest-showcase/pom.xml,32,74
plugins/junit/pom.xml,plugins/pom.xml,32,66
api/pom.xml,apps/mailreader/pom.xml,32,62
apps/portlet/pom.xml,plugins/dwr/pom.xml,32,62
plugins/javatemplates/pom.xml,plugins/jfreechart/pom.xml,32,49
plugins/javatemplates/pom.xml,plugins/jsf/pom.xml,32,44
plugins/javatemplates/pom.xml,plugins/pell-multipart/pom.xml,32,43
plugins/config-browser/pom.xml,plugins/continuations/pom.xml,32,41
plugins/continuations/pom.xml,plugins/pell-multipart/pom.xml,32,40
plugins/continuations/pom.xml,plugins/jsf/pom.xml,32,40
plugins/convention/src/main/java/org/apache/struts2/convention/PackageBasedActionConfigBuilder.java,plugins/convention/src/test/java/org/apache/struts2/convention/PackageBasedActionConfigBuilderTest.java,32,37
plugins/tiles/src/main/java/org/apache/struts2/tiles/StrutsFreeMarkerAttributeRenderer.java,plugins/tiles/src/main/java/org/apache/struts2/tiles/StrutsTilesContainerFactory.java,32,28
assembly/src/main/assembly/docs.xml,assembly/src/main/assembly/lib.xml,32,22
core/src/main/java/com/opensymphony/xwork2/config/entities/ActionConfig.java,core/src/main/java/com/opensymphony/xwork2/config/providers/XmlConfigurationProvider.java,32,16
apps/showcase/src/main/webapp/WEB-INF/tiles.xml,apps/showcase/src/main/webapp/WEB-INF/web.xml,32,16
apps/showcase/pom.xml,plugins/portlet/pom.xml,31,90
apps/pom.xml,plugins/dojo/pom.xml,31,77
plugins/pom.xml,plugins/portlet/pom.xml,31,73
plugins/dojo/pom.xml,plugins/pom.xml,31,72
apps/mailreader/pom.xml,plugins/portlet/pom.xml,31,71
apps/mailreader/pom.xml,plugins/dojo/pom.xml,31,70
api/pom.xml,apps/portlet/pom.xml,31,68
core/src/main/java/org/apache/struts2/StrutsConstants.java,core/src/main/resources/org/apache/struts2/default.properties,31,67
plugins/pom.xml,plugins/rest/pom.xml,31,64
api/pom.xml,plugins/pom.xml,31,64
apps/portlet/pom.xml,plugins/testng/pom.xml,31,64
plugins/rest/pom.xml,plugins/tiles/pom.xml,31,61
apps/mailreader/pom.xml,plugins/rest/pom.xml,31,61
plugins/convention/pom.xml,plugins/spring/pom.xml,31,54
plugins/codebehind/pom.xml,plugins/convention/pom.xml,31,51
plugins/jasperreports/pom.xml,plugins/javatemplates/pom.xml,31,48
plugins/javatemplates/pom.xml,plugins/plexus/pom.xml,31,45
plugins/config-browser/pom.xml,plugins/javatemplates/pom.xml,31,44
plugins/continuations/pom.xml,plugins/plexus/pom.xml,31,42
core/src/main/resources/META-INF/struts-tags.tld,core/src/site/resources/tags/doubleselect.html,31,26
xwork-core/src/main/java/com/opensymphony/xwork2/ognl/OgnlUtil.java,xwork-core/src/main/java/com/opensymphony/xwork2/ognl/OgnlValueStack.java,31,19
plugins/jfreechart/pom.xml,pom.xml,30,208
plugins/dojo/pom.xml,plugins/tiles/pom.xml,30,70
apps/rest-showcase/pom.xml,plugins/pom.xml,30,69
apps/pom.xml,plugins/testng/pom.xml,30,65
apps/mailreader/pom.xml,plugins/junit/pom.xml,30,63
plugins/junit/pom.xml,plugins/tiles/pom.xml,30,63
api/pom.xml,plugins/tiles/pom.xml,30,62
plugins/javatemplates/pom.xml,plugins/sitegraph/pom.xml,30,49
plugins/codebehind/pom.xml,plugins/continuations/pom.xml,30,43
core/src/main/resources/META-INF/struts-tags.tld,core/src/site/resources/tags/optiontransferselect.html,30,27
plugins/dojo/src/main/resources/org/apache/struts2/static/dojo/struts/widget/Bind.js,plugins/dojo/src/main/resources/org/apache/struts2/static/dojo/struts_dojo.js,30,23
plugins/dojo/src/main/resources/org/apache/struts2/static/dojo/struts/widget/Bind.js,plugins/dojo/src/main/resources/org/apache/struts2/static/dojo/struts_dojo.js.uncompressed.js,30,23
plugins/dojo/src/main/java/org/apache/struts2/dojo/components/Autocompleter.java,plugins/dojo/src/main/java/org/apache/struts2/dojo/components/Submit.java,30,17
